add_user,2026-05-26T16:56:24.869502400
add_user,2026-05-26T16:56:24.883501200
add_course,2026-05-26T16:56:24.884505800
add_course,2026-05-26T16:56:24.885503200
find_course,2026-05-26T16:56:24.889506900
add_lesson,2026-05-26T16:56:24.890501300
find_course,2026-05-26T16:56:24.893502200
create_quiz,2026-05-26T16:56:24.894501
find_course,2026-05-26T16:56:24.895507100
enroll_student,2026-05-26T16:56:24.902500300
enroll_student_failed,2026-05-26T16:56:24.904498900
solve_quiz,2026-05-26T16:56:24.914498200
calculate_quiz_score,2026-05-26T16:56:24.915500200
add_task,2026-05-26T16:56:24.916500
add_task,2026-05-26T16:56:24.917499500
remove_task,2026-05-26T16:56:24.923499100
find_course,2026-05-26T16:56:24.924497300
course_not_found,2026-05-26T16:56:24.925501100
view_courses,2026-05-26T16:56:24.927497700
sort_courses,2026-05-26T16:56:24.929497700
view_courses,2026-05-26T16:56:24.930498
show_categories,2026-05-26T16:56:24.932498500
view_student_progress,2026-05-26T16:56:24.933497900
add_user,2026-05-31T14:11:39.486543500
add_user,2026-05-31T14:11:39.498818100
add_course,2026-05-31T14:11:39.500136700
add_course,2026-05-31T14:11:39.500608200
find_course,2026-05-31T14:11:39.502542
add_lesson,2026-05-31T14:11:39.504127900
find_course,2026-05-31T14:11:39.506451300
create_quiz,2026-05-31T14:11:39.507677300
find_course,2026-05-31T14:11:39.508174600
enroll_student,2026-05-31T14:11:39.512635300
solve_quiz,2026-05-31T14:11:39.520761600
calculate_quiz_score,2026-05-31T14:11:39.521830500
add_task,2026-05-31T14:11:39.522825200
add_task,2026-05-31T14:11:39.523906800
find_course,2026-05-31T14:11:39.524509300
course_not_found,2026-05-31T14:11:39.524509300
sort_courses,2026-05-31T14:11:39.527392500
view_courses,2026-05-31T14:11:39.528429
show_categories,2026-05-31T14:11:39.529971400
view_student_progress,2026-05-31T14:11:39.530520400
add_user,2026-05-31T14:11:43.691328700
add_user,2026-05-31T14:11:43.705532900
add_course,2026-05-31T14:11:43.706534500
add_course,2026-05-31T14:11:43.707036200
find_course,2026-05-31T14:11:43.709879
add_lesson,2026-05-31T14:11:43.711021300
find_course,2026-05-31T14:11:43.712318500
create_quiz,2026-05-31T14:11:43.714038500
find_course,2026-05-31T14:11:43.714535900
enroll_student,2026-05-31T14:11:43.718055800
solve_quiz,2026-05-31T14:11:43.725841800
calculate_quiz_score,2026-05-31T14:11:43.727361800
add_task,2026-05-31T14:11:43.728826100
add_task,2026-05-31T14:11:43.728826100
find_course,2026-05-31T14:11:43.729824400
course_not_found,2026-05-31T14:11:43.730882200
sort_courses,2026-05-31T14:11:43.733249100
view_courses,2026-05-31T14:11:43.734246900
show_categories,2026-05-31T14:11:43.735724400
view_student_progress,2026-05-31T14:11:43.736734100
add_user,2026-05-31T14:11:48.106654600
add_user,2026-05-31T14:11:48.114215
add_course,2026-05-31T14:11:48.114215
add_course,2026-05-31T14:11:48.115256400
find_course,2026-05-31T14:11:48.115976100
add_lesson,2026-05-31T14:11:48.116478200
find_course,2026-05-31T14:11:48.117507600
create_quiz,2026-05-31T14:11:48.117507600
find_course,2026-05-31T14:11:48.117507600
enroll_student,2026-05-31T14:11:48.119508400
solve_quiz,2026-05-31T14:11:48.124527400
calculate_quiz_score,2026-05-31T14:11:48.125510200
add_task,2026-05-31T14:11:48.125510200
add_task,2026-05-31T14:11:48.126939100
find_course,2026-05-31T14:11:48.126939100
course_not_found,2026-05-31T14:11:48.128235600
sort_courses,2026-05-31T14:11:48.129754400
view_courses,2026-05-31T14:11:48.129754400
show_categories,2026-05-31T14:11:48.130753800
view_student_progress,2026-05-31T14:11:48.131790400
add_user,2026-05-31T14:13:43.629632900
add_user,2026-05-31T14:13:43.634625600
add_course,2026-05-31T14:13:43.635657500
add_course,2026-05-31T14:13:43.635657500
find_course,2026-05-31T14:13:43.637597100
add_lesson,2026-05-31T14:13:43.638828600
find_course,2026-05-31T14:13:43.640001700
create_quiz,2026-05-31T14:13:43.640001700
find_course,2026-05-31T14:13:43.641061200
enroll_student,2026-05-31T14:13:43.644062200
solve_quiz,2026-05-31T14:13:43.649813800
calculate_quiz_score,2026-05-31T14:13:43.650831500
add_task,2026-05-31T14:13:43.651404300
add_task,2026-05-31T14:13:43.651404300
find_course,2026-05-31T14:13:43.652741500
course_not_found,2026-05-31T14:13:43.653270
sort_courses,2026-05-31T14:13:43.654793700
view_courses,2026-05-31T14:13:43.654793700
show_categories,2026-05-31T14:13:43.655794800
view_student_progress,2026-05-31T14:13:43.656792300
add_user,2026-05-31T14:13:47.258112100
add_user,2026-05-31T14:13:47.264159200
add_course,2026-05-31T14:13:47.264973800
add_course,2026-05-31T14:13:47.265709300
find_course,2026-05-31T14:13:47.267349100
add_lesson,2026-05-31T14:13:47.267349100
find_course,2026-05-31T14:13:47.268968300
create_quiz,2026-05-31T14:13:47.270018
find_course,2026-05-31T14:13:47.270660300
enroll_student,2026-05-31T14:13:47.272655100
solve_quiz,2026-05-31T14:13:47.278353600
calculate_quiz_score,2026-05-31T14:13:47.279279100
add_task,2026-05-31T14:13:47.279781900
add_task,2026-05-31T14:13:47.280347200
find_course,2026-05-31T14:13:47.280813200
course_not_found,2026-05-31T14:13:47.281314
sort_courses,2026-05-31T14:13:47.283659800
view_courses,2026-05-31T14:13:47.284556900
show_categories,2026-05-31T14:13:47.285648500
view_student_progress,2026-05-31T14:13:47.286148200
add_user,2026-06-01T18:21:55.078357
add_user,2026-06-01T18:21:55.086357500
add_course,2026-06-01T18:21:55.089358400
add_course,2026-06-01T18:21:55.090356800
find_course,2026-06-01T18:21:55.090356800
add_lesson,2026-06-01T18:21:55.091359100
find_course,2026-06-01T18:21:55.092357900
create_quiz,2026-06-01T18:21:55.093363
find_course,2026-06-01T18:21:55.093363
enroll_student,2026-06-01T18:21:55.098358800
solve_quiz,2026-06-01T18:21:55.105358500
calculate_quiz_score,2026-06-01T18:21:55.105358500
add_task,2026-06-01T18:21:55.106356300
add_task,2026-06-01T18:21:55.106356300
find_course,2026-06-01T18:21:55.107355400
add_lesson,2026-06-01T18:21:55.107355400
find_course,2026-06-01T18:21:55.108356800
add_lesson,2026-06-01T18:21:55.108356800
find_course,2026-06-01T18:21:55.108356800
create_quiz,2026-06-01T18:21:55.109356100
find_course,2026-06-01T18:21:55.109356100
create_quiz,2026-06-01T18:21:55.110356100
add_task,2026-06-01T18:21:55.110356100
add_task,2026-06-01T18:21:55.110356100
find_course,2026-06-01T18:21:55.550363100
course_not_found,2026-06-01T18:21:55.551360800
sort_courses,2026-06-01T18:21:55.554362
view_courses,2026-06-01T18:21:55.555362
show_categories,2026-06-01T18:21:55.556363800
view_student_progress,2026-06-01T18:21:55.557358400
add_user,2026-06-01T18:36:45.241623300
add_user,2026-06-01T18:36:45.248622500
add_course,2026-06-01T18:36:45.250624500
add_course,2026-06-01T18:36:45.250624500
find_course,2026-06-01T18:36:45.251624600
add_lesson,2026-06-01T18:36:45.251624600
find_course,2026-06-01T18:36:45.252625100
create_quiz,2026-06-01T18:36:45.253623500
find_course,2026-06-01T18:36:45.253623500
enroll_student,2026-06-01T18:36:45.256625600
solve_quiz,2026-06-01T18:36:45.260629400
calculate_quiz_score,2026-06-01T18:36:45.261626900
add_task,2026-06-01T18:36:45.262623100
add_task,2026-06-01T18:36:45.262623100
find_course,2026-06-01T18:36:45.263622400
add_lesson,2026-06-01T18:36:45.263622400
find_course,2026-06-01T18:36:45.264623
add_lesson,2026-06-01T18:36:45.264623
find_course,2026-06-01T18:36:45.265643100
create_quiz,2026-06-01T18:36:45.265643100
find_course,2026-06-01T18:36:45.265643100
create_quiz,2026-06-01T18:36:45.266621900
add_task,2026-06-01T18:36:45.266621900
add_task,2026-06-01T18:36:45.267624
find_course,2026-06-01T18:36:45.992624100
course_not_found,2026-06-01T18:36:45.992624100
sort_courses,2026-06-01T18:36:45.994623900
view_courses,2026-06-01T18:36:45.995623800
show_categories,2026-06-01T18:36:45.996625100
view_student_progress,2026-06-01T18:36:45.997628400
add_course,2026-06-02T18:05:55.694631
add_user,2026-06-03T22:09:30.262162600
add_user,2026-06-03T22:09:30.269175400
add_course,2026-06-03T22:09:30.272551900
add_course,2026-06-03T22:09:30.272551900
find_course,2026-06-03T22:09:30.274158200
add_lesson,2026-06-03T22:09:30.274904100
find_course,2026-06-03T22:09:30.275336300
create_quiz,2026-06-03T22:09:30.276005300
find_course,2026-06-03T22:09:30.276993500
enroll_student,2026-06-03T22:09:30.280968100
solve_quiz,2026-06-03T22:09:30.287700900
calculate_quiz_score,2026-06-03T22:09:30.288521600
add_task,2026-06-03T22:09:30.289137500
add_task,2026-06-03T22:09:30.289922800
find_course,2026-06-03T22:09:30.290961300
add_lesson,2026-06-03T22:09:30.291606800
find_course,2026-06-03T22:09:30.291606800
add_lesson,2026-06-03T22:09:30.292616600
find_course,2026-06-03T22:09:30.293055300
create_quiz,2026-06-03T22:09:30.293920700
find_course,2026-06-03T22:09:30.294564600
create_quiz,2026-06-03T22:09:30.295537500
add_task,2026-06-03T22:09:30.295992300
add_task,2026-06-03T22:09:30.296842
find_course,2026-06-03T22:09:30.763896300
course_not_found,2026-06-03T22:09:30.764743500
sort_courses,2026-06-03T22:09:30.767473500
view_courses,2026-06-03T22:09:30.768112300
show_categories,2026-06-03T22:09:30.769413500
view_student_progress,2026-06-03T22:09:30.770218100
add_course,2026-06-03T22:24:18.508677600
add_user,2026-06-04T14:37:58.743439800
add_user,2026-06-04T14:37:58.750439600
add_course,2026-06-04T14:37:58.752438500
add_course,2026-06-04T14:37:58.753440100
find_course,2026-06-04T14:37:58.753440100
add_lesson,2026-06-04T14:37:58.755460300
find_course,2026-06-04T14:37:58.756440800
create_quiz,2026-06-04T14:37:58.756440800
find_course,2026-06-04T14:37:58.757453600
enroll_student,2026-06-04T14:37:58.760444200
solve_quiz,2026-06-04T14:37:58.767440600
calculate_quiz_score,2026-06-04T14:37:58.767440600
add_task,2026-06-04T14:37:58.768440100
add_task,2026-06-04T14:37:58.768440100
find_course,2026-06-04T14:37:58.769440400
add_lesson,2026-06-04T14:37:58.770441
find_course,2026-06-04T14:37:58.770441
add_lesson,2026-06-04T14:37:58.771439300
find_course,2026-06-04T14:37:58.771439300
create_quiz,2026-06-04T14:37:58.772438900
find_course,2026-06-04T14:37:58.772438900
create_quiz,2026-06-04T14:37:58.773439300
add_task,2026-06-04T14:37:58.773439300
add_task,2026-06-04T14:37:58.774438600
find_course,2026-06-04T14:37:59.473440500
course_not_found,2026-06-04T14:37:59.473440500
sort_courses,2026-06-04T14:37:59.476443200
view_courses,2026-06-04T14:37:59.476443200
show_categories,2026-06-04T14:37:59.478441200
view_student_progress,2026-06-04T14:37:59.479462500
add_user,2026-06-04T14:39:15.696812900
add_user,2026-06-04T14:39:15.709815400
add_course,2026-06-04T14:39:15.712818400
add_course,2026-06-04T14:39:15.713817600
find_course,2026-06-04T14:39:15.714818600
add_lesson,2026-06-04T14:39:15.715812200
find_course,2026-06-04T14:39:15.716810800
create_quiz,2026-06-04T14:39:15.717818
find_course,2026-06-04T14:39:15.719815300
enroll_student,2026-06-04T14:39:15.724813800
solve_quiz,2026-06-04T14:39:15.733814
calculate_quiz_score,2026-06-04T14:39:15.734817300
add_task,2026-06-04T14:39:15.735811700
add_task,2026-06-04T14:39:15.736812100
find_course,2026-06-04T14:39:15.737816900
add_lesson,2026-06-04T14:39:15.739812700
find_course,2026-06-04T14:39:15.740811200
add_lesson,2026-06-04T14:39:15.741812300
find_course,2026-06-04T14:39:15.742810500
create_quiz,2026-06-04T14:39:15.743813800
find_course,2026-06-04T14:39:15.744812400
create_quiz,2026-06-04T14:39:15.745811
add_task,2026-06-04T14:39:15.745811
add_task,2026-06-04T14:39:15.746813500
find_course,2026-06-04T14:39:16.472811700
course_not_found,2026-06-04T14:39:16.473810100
sort_courses,2026-06-04T14:39:16.475811500
view_courses,2026-06-04T14:39:16.476817200
show_categories,2026-06-04T14:39:16.477816900
view_student_progress,2026-06-04T14:39:16.478814500
add_user,2026-06-04T14:41:25.296707300
add_user,2026-06-04T14:41:25.302705300
add_course,2026-06-04T14:41:25.305706600
add_course,2026-06-04T14:41:25.305706600
find_course,2026-06-04T14:41:25.306703500
add_lesson,2026-06-04T14:41:25.307706900
find_course,2026-06-04T14:41:25.308705800
add_lesson,2026-06-04T14:41:25.309708
find_course,2026-06-04T14:41:25.310704300
add_lesson,2026-06-04T14:41:25.310704300
find_course,2026-06-04T14:41:25.312707700
create_quiz,2026-06-04T14:41:25.313706400
find_course,2026-06-04T14:41:25.314709100
create_quiz,2026-06-04T14:41:25.315707700
find_course,2026-06-04T14:41:25.316707400
create_quiz,2026-06-04T14:41:25.317707100
find_course,2026-06-04T14:41:25.318706500
enroll_student,2026-06-04T14:41:25.322707700
find_course,2026-06-04T14:41:25.323707700
enroll_student,2026-06-04T14:41:25.324706100
solve_quiz,2026-06-04T14:41:25.330710900
calculate_quiz_score,2026-06-04T14:41:25.336705700
add_task,2026-06-04T14:41:25.337709100
add_task,2026-06-04T14:41:25.337709100
add_task,2026-06-04T14:41:25.338705900
add_task,2026-06-04T14:41:25.339708800
show_categories,2026-06-04T14:41:25.343708800
view_student_progress,2026-06-04T14:41:25.343708800
find_course,2026-06-04T14:41:26.451708700
course_not_found,2026-06-04T14:41:26.451708700
add_user,2026-06-04T14:42:42.777640
add_user,2026-06-04T14:42:42.783659600
add_course,2026-06-04T14:42:42.785637
add_course,2026-06-04T14:42:42.785637
find_course,2026-06-04T14:42:42.786635400
add_lesson,2026-06-04T14:42:42.786635400
find_course,2026-06-04T14:42:42.787636200
add_lesson,2026-06-04T14:42:42.788638200
find_course,2026-06-04T14:42:42.788638200
add_lesson,2026-06-04T14:42:42.788638200
find_course,2026-06-04T14:42:42.789643400
create_quiz,2026-06-04T14:42:42.789643400
find_course,2026-06-04T14:42:42.790637400
create_quiz,2026-06-04T14:42:42.790637400
find_course,2026-06-04T14:42:42.791640500
create_quiz,2026-06-04T14:42:42.791640500
find_course,2026-06-04T14:42:42.792638800
enroll_student,2026-06-04T14:42:42.794643
find_course,2026-06-04T14:42:42.795637100
enroll_student,2026-06-04T14:42:42.796637600
solve_quiz,2026-06-04T14:42:42.801638900
calculate_quiz_score,2026-06-04T14:42:42.801638900
add_task,2026-06-04T14:42:42.802639900
add_task,2026-06-04T14:42:42.802639900
add_task,2026-06-04T14:42:42.803637500
add_task,2026-06-04T14:42:42.804638100
show_categories,2026-06-04T14:42:42.806641300
view_student_progress,2026-06-04T14:42:42.807640900
find_course,2026-06-04T14:42:43.758800200
course_not_found,2026-06-04T14:42:43.759752600
add_user,2026-06-04T14:46:06.068208200
add_user,2026-06-04T14:46:06.076206
add_course,2026-06-04T14:46:06.078212
add_course,2026-06-04T14:46:06.078212
find_course,2026-06-04T14:46:06.079209300
add_lesson,2026-06-04T14:46:06.080206800
find_course,2026-06-04T14:46:06.081208100
add_lesson,2026-06-04T14:46:06.081208100
find_course,2026-06-04T14:46:06.082206500
add_lesson,2026-06-04T14:46:06.082206500
find_course,2026-06-04T14:46:06.082206500
create_quiz,2026-06-04T14:46:06.083206600
find_course,2026-06-04T14:46:06.083206600
create_quiz,2026-06-04T14:46:06.084205
find_course,2026-06-04T14:46:06.084205
create_quiz,2026-06-04T14:46:06.084205
find_course,2026-06-04T14:46:06.085204400
enroll_student,2026-06-04T14:46:06.088209
find_course,2026-06-04T14:46:06.089209800
enroll_student,2026-06-04T14:46:06.089209800
solve_quiz,2026-06-04T14:46:06.094205100
calculate_quiz_score,2026-06-04T14:46:06.095205300
add_task,2026-06-04T14:46:06.095205300
add_task,2026-06-04T14:46:06.096205300
add_task,2026-06-04T14:46:06.097206200
add_task,2026-06-04T14:46:06.097206200
show_categories,2026-06-04T14:46:06.099207500
view_student_progress,2026-06-04T14:46:06.099207500
find_course,2026-06-04T14:46:07.580205200
course_not_found,2026-06-04T14:46:07.580205200
